"sink_loc","source_loc","block_name","source_func"
"D:/mine/dasanxia/夏令营/zhemin yang/minicat/MiniCat/unpacked/wx3976dfa5f550c258/lib/jsBridge.js|7:14:7:74","D:/mine/dasanxia/夏令营/zhemin yang/minicat/MiniCat/unpacked/wx3976dfa5f550c258/lib/jsBridge.js|7:24:7:36","entry node of functio ... )\n    }","exports.scanQRCode"
"D:/mine/dasanxia/夏令营/zhemin yang/minicat/MiniCat/unpacked/wx3976dfa5f550c258/lib/jsBridge.js|7:14:7:74","D:/mine/dasanxia/夏令营/zhemin yang/minicat/MiniCat/unpacked/wx3976dfa5f550c258/lib/jsBridge.js|7:24:7:29","entry node of functio ... )\n    }","exports.scanQRCode"
"D:/mine/dasanxia/夏令营/zhemin yang/minicat/MiniCat/unpacked/wx3976dfa5f550c258/lib/jsBridge.js|7:14:7:74","D:/mine/dasanxia/夏令营/zhemin yang/minicat/MiniCat/unpacked/wx3976dfa5f550c258/lib/jsBridge.js|22:34:22:41","guard: c.isNativeMp is true","l"
"D:/mine/dasanxia/夏令营/zhemin yang/minicat/MiniCat/unpacked/wx3976dfa5f550c258/lib/jsBridge.js|7:14:7:74","D:/mine/dasanxia/夏令营/zhemin yang/minicat/MiniCat/unpacked/wx3976dfa5f550c258/lib/jsBridge.js|22:45:22:55","guard: c.isNativeMp is false","l"
"D:/mine/dasanxia/夏令营/zhemin yang/minicat/MiniCat/unpacked/wx3976dfa5f550c258/lib/navigator.js|48:10:48:10","D:/mine/dasanxia/夏令营/zhemin yang/minicat/MiniCat/unpacked/wx3976dfa5f550c258/pages/order-list/model/AbstractPageViewModel.js|110:293:110:298","guard: y.isNativeMp is true","(functi ...      })"
"D:/mine/dasanxia/夏令营/zhemin yang/minicat/MiniCat/unpacked/wx3976dfa5f550c258/lib/navigator.js|48:10:48:10","D:/mine/dasanxia/夏令营/zhemin yang/minicat/MiniCat/unpacked/wx3976dfa5f550c258/store/asyncActions/cart.js|253:275:253:276","(x.defa ... ), !e))","{\n  ret ... )\n  }\n}"
"D:/mine/dasanxia/夏令营/zhemin yang/minicat/MiniCat/unpacked/wx3976dfa5f550c258/lib/navigator.js|55:10:55:10","D:/mine/dasanxia/夏令营/zhemin yang/minicat/MiniCat/unpacked/wx3976dfa5f550c258/pages/order-list/model/AbstractPageViewModel.js|110:293:110:298","guard: y.isNativeMp is true","(functi ...      })"
"D:/mine/dasanxia/夏令营/zhemin yang/minicat/MiniCat/unpacked/wx3976dfa5f550c258/lib/navigator.js|55:10:55:10","D:/mine/dasanxia/夏令营/zhemin yang/minicat/MiniCat/unpacked/wx3976dfa5f550c258/store/asyncActions/cart.js|253:275:253:276","(x.defa ... ), !e))","{\n  ret ... )\n  }\n}"
"D:/mine/dasanxia/夏令营/zhemin yang/minicat/MiniCat/unpacked/wx3976dfa5f550c258/lib/navigator.js|76:14:76:14","D:/mine/dasanxia/夏令营/zhemin yang/minicat/MiniCat/unpacked/wx3976dfa5f550c258/pages/order-list/model/AbstractPageViewModel.js|110:293:110:298","guard: y.isNativeMp is true","(functi ...      })"
"D:/mine/dasanxia/夏令营/zhemin yang/minicat/MiniCat/unpacked/wx3976dfa5f550c258/lib/navigator.js|76:14:76:14","D:/mine/dasanxia/夏令营/zhemin yang/minicat/MiniCat/unpacked/wx3976dfa5f550c258/store/asyncActions/cart.js|253:275:253:276","(x.defa ... ), !e))","{\n  ret ... )\n  }\n}"
"D:/mine/dasanxia/夏令营/zhemin yang/minicat/MiniCat/unpacked/wx3976dfa5f550c258/lib/navigator.js|87:10:87:10","D:/mine/dasanxia/夏令营/zhemin yang/minicat/MiniCat/unpacked/wx3976dfa5f550c258/pages/order-list/model/AbstractPageViewModel.js|110:293:110:298","guard: y.isNativeMp is true","(functi ...      })"
"D:/mine/dasanxia/夏令营/zhemin yang/minicat/MiniCat/unpacked/wx3976dfa5f550c258/lib/navigator.js|87:10:87:10","D:/mine/dasanxia/夏令营/zhemin yang/minicat/MiniCat/unpacked/wx3976dfa5f550c258/store/asyncActions/cart.js|253:275:253:276","(x.defa ... ), !e))","{\n  ret ... )\n  }\n}"
"D:/mine/dasanxia/夏令营/zhemin yang/minicat/MiniCat/unpacked/wx3976dfa5f550c258/miniprogram_npm/@mtfe/weapp-safety-request/index.js|556:20:556:20","D:/mine/dasanxia/夏令营/zhemin yang/minicat/MiniCat/unpacked/wx3976dfa5f550c258/miniprogram_npm/@mtfe/weapp-safety-request/index.js|541:67:541:75","if (s = ...       }","(functi ... t)\n  })"
"D:/mine/dasanxia/夏令营/zhemin yang/minicat/MiniCat/unpacked/wx3976dfa5f550c258/miniprogram_npm/@mtfe/weapp-safety-request/index.js|556:20:556:20","D:/mine/dasanxia/夏令营/zhemin yang/minicat/MiniCat/unpacked/wx3976dfa5f550c258/miniprogram_npm/@mtfe/weapp-safety-request/index.js|541:82:541:91","if (s = ...       }","(functi ... t)\n  })"
"D:/mine/dasanxia/夏令营/zhemin yang/minicat/MiniCat/unpacked/wx3976dfa5f550c258/miniprogram_npm/@mtfe/saas-user-auth/index.js|1499:16:1499:87","D:/mine/dasanxia/夏令营/zhemin yang/minicat/MiniCat/unpacked/wx3976dfa5f550c258/miniprogram_npm/@mtfe/saas-user-auth/index.js|1496:15:1496:21","var t,  ... ptions;","r.onLog ... sReload"
"D:/mine/dasanxia/夏令营/zhemin yang/minicat/MiniCat/unpacked/wx3976dfa5f550c258/modules/takeaway/takeawayHelper.js|181:30:181:30","D:/mine/dasanxia/夏令营/zhemin yang/minicat/MiniCat/unpacked/wx3976dfa5f550c258/modules/takeaway/takeawayHelper.js|178:37:178:42","(null = ... t = 13;","(functi ...      })"
"D:/mine/dasanxia/夏令营/zhemin yang/minicat/MiniCat/unpacked/wx3976dfa5f550c258/modules/takeaway/takeawayHelper.js|181:30:181:30","D:/mine/dasanxia/夏令营/zhemin yang/minicat/MiniCat/unpacked/wx3976dfa5f550c258/modules/takeaway/takeawayHelper.js|178:116:178:121","guard: null == T is false","(functi ...      })"
"D:/mine/dasanxia/夏令营/zhemin yang/minicat/MiniCat/unpacked/wx3976dfa5f550c258/modules/takeaway/takeawayHelper.js|181:30:181:30","D:/mine/dasanxia/夏令营/zhemin yang/minicat/MiniCat/unpacked/wx3976dfa5f550c258/modules/takeaway/takeawayHelper.js|178:127:178:128","{}","(functi ...      })"
"D:/mine/dasanxia/夏令营/zhemin yang/minicat/MiniCat/unpacked/wx3976dfa5f550c258/modules/takeaway/takeawayHelper.js|181:30:181:30","D:/mine/dasanxia/夏令营/zhemin yang/minicat/MiniCat/unpacked/wx3976dfa5f550c258/modules/takeaway/takeawayHelper.js|178:135:178:142","y = (nu ... ) || {}","(functi ...      })"
"D:/mine/dasanxia/夏令营/zhemin yang/minicat/MiniCat/unpacked/wx3976dfa5f550c258/pages/splash/index.js|142:14:142:14","D:/mine/dasanxia/夏令营/zhemin yang/minicat/MiniCat/unpacked/wx3976dfa5f550c258/pages/splash/index.js|36:113:36:115","r.__lim ... n(u, i)","(functi ... \n    })"
"D:/mine/dasanxia/夏令营/zhemin yang/minicat/MiniCat/unpacked/wx3976dfa5f550c258/pages/splash/index.js|142:14:142:14","D:/mine/dasanxia/夏令营/zhemin yang/minicat/MiniCat/unpacked/wx3976dfa5f550c258/pages/splash/index.js|36:149:36:151","i = voi ...  """" : n","(functi ... \n    })"
"D:/mine/dasanxia/夏令营/zhemin yang/minicat/MiniCat/unpacked/wx3976dfa5f550c258/pages/splash/index.js|142:14:142:14","D:/mine/dasanxia/夏令营/zhemin yang/minicat/MiniCat/unpacked/wx3976dfa5f550c258/pages/splash/index.js|36:185:36:187","s = voi ...  """" : l","(functi ... \n    })"
"D:/mine/dasanxia/夏令营/zhemin yang/minicat/MiniCat/unpacked/wx3976dfa5f550c258/pages/splash/index.js|142:14:142:14","D:/mine/dasanxia/夏令营/zhemin yang/minicat/MiniCat/unpacked/wx3976dfa5f550c258/pages/splash/index.js|91:17:91:22","o = a.s ... t = 14;","(functi ... \n    })"
"D:/mine/dasanxia/夏令营/zhemin yang/minicat/MiniCat/unpacked/wx3976dfa5f550c258/pages/user/modules/index.js|27:10:27:10","D:/mine/dasanxia/夏令营/zhemin yang/minicat/MiniCat/unpacked/wx3976dfa5f550c258/pages/user/index.js|55:15:55:35","entry node of functio ... )\n    }","onLoad"
"D:/mine/dasanxia/夏令营/zhemin yang/minicat/MiniCat/unpacked/wx3976dfa5f550c258/pages/user/modules/index.js|27:10:27:10","D:/mine/dasanxia/夏令营/zhemin yang/minicat/MiniCat/unpacked/wx3976dfa5f550c258/pages/user/index.js|55:15:55:20","entry node of functio ... )\n    }","onLoad"
"D:/mine/dasanxia/夏令营/zhemin yang/minicat/MiniCat/unpacked/wx3976dfa5f550c258/store/asyncActions/takeaway.js|130:20:130:20","D:/mine/dasanxia/夏令营/zhemin yang/minicat/MiniCat/unpacked/wx3976dfa5f550c258/store/asyncActions/takeaway.js|129:18:129:28","(D = r. ... t = 12;","(functi ... \n    })"
"D:/mine/dasanxia/夏令营/zhemin yang/minicat/MiniCat/unpacked/wx3976dfa5f550c258/store/asyncActions/takeaway.js|130:20:130:20","D:/mine/dasanxia/夏令营/zhemin yang/minicat/MiniCat/unpacked/wx3976dfa5f550c258/store/asyncActions/takeaway.js|129:18:129:23","(D = r. ... t = 12;","(functi ... \n    })"
"D:/mine/dasanxia/夏令营/zhemin yang/minicat/MiniCat/unpacked/wx3976dfa5f550c258/store/asyncActions/takeaway.js|130:20:130:20","D:/mine/dasanxia/夏令营/zhemin yang/minicat/MiniCat/unpacked/wx3976dfa5f550c258/store/asyncActions/takeaway.js|129:158:129:165","guard: v.isNativeMp is true","(functi ... \n    })"
